{
  "data": {
    "jockey_id": "01088",
    "name": "川田将雅",
    "total_races": 13097,
    "wins": 2223,
    "seconds": 1696,
    "thirds": 1392,
    "win_rate": 0.16973352676185385,
    "place_rate": 0.4055127128350004,
    "year_races": 507,
    "year_wins": 105,
    "year_win_rate": 0.20710059171597633,
    "year_place_rate": 0.5384615384615384
  },
  "cached_at": "2025-12-31T12:30:48.282844Z"
}