{
  "data": {
    "jockey_id": "01126",
    "name": "松山弘平",
    "total_races": 13657,
    "wins": 1366,
    "seconds": 1250,
    "thirds": 1104,
    "win_rate": 0.10002196675697445,
    "place_rate": 0.27238778648312223,
    "year_races": 836,
    "year_wins": 128,
    "year_win_rate": 0.15311004784688995,
    "year_place_rate": 0.35526315789473684
  },
  "cached_at": "2025-12-31T12:31:34.511986Z"
}