{
  "data": {
    "jockey_id": "01170",
    "name": "横山武史",
    "total_races": 6375,
    "wins": 765,
    "seconds": 642,
    "thirds": 615,
    "win_rate": 0.12,
    "place_rate": 0.3171764705882353,
    "year_races": 774,
    "year_wins": 110,
    "year_win_rate": 0.1421188630490956,
    "year_place_rate": 0.3682170542635659
  },
  "cached_at": "2025-12-31T12:30:01.197548Z"
}