{
  "data": {
    "jockey_id": "01191",
    "name": "松本大輝",
    "total_races": 1752,
    "wins": 91,
    "seconds": 81,
    "thirds": 92,
    "win_rate": 0.05194063926940639,
    "place_rate": 0.1506849315068493,
    "year_races": 349,
    "year_wins": 24,
    "year_win_rate": 0.06876790830945559,
    "year_place_rate": 0.1489971346704871
  },
  "cached_at": "2025-12-31T12:30:18.993761Z"
}