{
  "objective": "multiclass",
  "num_class": 18,
  "metric": "multi_logloss",
  "boosting_type": "gbdt",
  "verbose": -1,
  "n_jobs": -1,
  "seed": 42,
  "num_leaves": 22,
  "learning_rate": 0.042226454543318526,
  "feature_fraction": 0.7960382726851494,
  "bagging_fraction": 0.9350342005492378,
  "bagging_freq": 1,
  "min_child_samples": 72,
  "reg_alpha": 7.294063497130193e-05,
  "reg_lambda": 6.213353493325739,
  "max_depth": 7
}