{
  "objective": "multiclass",
  "num_class": 18,
  "metric": "multi_logloss",
  "boosting_type": "gbdt",
  "verbose": -1,
  "n_jobs": -1,
  "seed": 42,
  "num_leaves": 57,
  "learning_rate": 0.2536999076681771,
  "feature_fraction": 0.8659969709057025,
  "bagging_fraction": 0.7993292420985183,
  "bagging_freq": 2,
  "min_child_samples": 19,
  "reg_alpha": 3.3323645788192616e-08,
  "reg_lambda": 0.6245760287469887,
  "max_depth": 10
}