{
  "data": {
    "trainer_id": "01061",
    "name": "友道康夫 \n                    \n                    （トモミチヤスオ）",
    "total_races": 5471,
    "wins": 804,
    "seconds": 619,
    "thirds": 544,
    "win_rate": 0.14695668067994883,
    "place_rate": 0.3595320782306708,
    "year_races": 312,
    "year_wins": 45,
    "year_win_rate": 0.14423076923076922,
    "year_place_rate": 0.375
  },
  "cached_at": "2025-12-31T12:30:53.791160Z"
}