{
  "data": {
    "trainer_id": "01075",
    "name": "矢作芳人 \n                    \n                    （ヤハギヨシト）",
    "total_races": 9564,
    "wins": 941,
    "seconds": 847,
    "thirds": 775,
    "win_rate": 0.09838979506482644,
    "place_rate": 0.26798410706817233,
    "year_races": 515,
    "year_wins": 45,
    "year_win_rate": 0.08737864077669903,
    "year_place_rate": 0.21941747572815534
  },
  "cached_at": "2025-12-31T12:27:40.231490Z"
}