{
  "data": {
    "trainer_id": "01070",
    "name": "堀宣行 \n                    \n                    （ホリノリユキ）",
    "total_races": 5117,
    "wins": 837,
    "seconds": 548,
    "thirds": 484,
    "win_rate": 0.16357240570646864,
    "place_rate": 0.3652530779753762,
    "year_races": 202,
    "year_wins": 37,
    "year_win_rate": 0.18316831683168316,
    "year_place_rate": 0.3564356435643564
  },
  "cached_at": "2025-12-31T12:31:40.277317Z"
}