{
  "data": {
    "trainer_id": "01110",
    "name": "清水久詞 \n                    \n                    （シミズヒサシ）",
    "total_races": 5908,
    "wins": 470,
    "seconds": 440,
    "thirds": 469,
    "win_rate": 0.07955314827352743,
    "place_rate": 0.2334123222748815,
    "year_races": 460,
    "year_wins": 32,
    "year_win_rate": 0.06956521739130435,
    "year_place_rate": 0.23695652173913043
  },
  "cached_at": "2025-12-31T12:29:31.906220Z"
}