{
  "data": {
    "trainer_id": "01128",
    "name": "今野貞一 \n                    \n                    （コンノテイイチ）",
    "total_races": 3191,
    "wins": 253,
    "seconds": 244,
    "thirds": 212,
    "win_rate": 0.07928549044186775,
    "place_rate": 0.22218740206831714,
    "year_races": 242,
    "year_wins": 18,
    "year_win_rate": 0.0743801652892562,
    "year_place_rate": 0.21074380165289255
  },
  "cached_at": "2025-12-31T12:27:20.442006Z"
}