{
  "data": {
    "trainer_id": "01126",
    "name": "木村哲也 \n                    \n                    （キムラテツヤ）",
    "total_races": 3033,
    "wins": 450,
    "seconds": 326,
    "thirds": 301,
    "win_rate": 0.14836795252225518,
    "place_rate": 0.35509396636993074,
    "year_races": 191,
    "year_wins": 44,
    "year_win_rate": 0.23036649214659685,
    "year_place_rate": 0.4607329842931937
  },
  "cached_at": "2025-12-31T12:28:38.018953Z"
}