{
  "data": {
    "trainer_id": "01140",
    "name": "石橋守 \n                    \n                    （イシバシマモル）",
    "total_races": 2823,
    "wins": 179,
    "seconds": 177,
    "thirds": 201,
    "win_rate": 0.06340772228126107,
    "place_rate": 0.19730782855118667,
    "year_races": 253,
    "year_wins": 16,
    "year_win_rate": 0.06324110671936758,
    "year_place_rate": 0.233201581027668
  },
  "cached_at": "2025-12-31T12:28:56.734898Z"
}