{
  "data": {
    "trainer_id": "01157",
    "name": "杉山晴紀 \n                    \n                    （スギヤマハルキ）",
    "total_races": 3139,
    "wins": 365,
    "seconds": 316,
    "thirds": 262,
    "win_rate": 0.11627906976744186,
    "place_rate": 0.3004141446320484,
    "year_races": 407,
    "year_wins": 61,
    "year_win_rate": 0.14987714987714987,
    "year_place_rate": 0.3366093366093366
  },
  "cached_at": "2025-12-31T12:28:00.540168Z"
}