{
  "data": {
    "trainer_id": "01159",
    "name": "高柳大輔 \n                    \n                    （タカヤナギダイスケ）",
    "total_races": 2001,
    "wins": 183,
    "seconds": 185,
    "thirds": 181,
    "win_rate": 0.09145427286356822,
    "place_rate": 0.27436281859070466,
    "year_races": 259,
    "year_wins": 28,
    "year_win_rate": 0.10810810810810811,
    "year_place_rate": 0.2972972972972973
  },
  "cached_at": "2025-12-31T12:28:19.825431Z"
}