{
  "data": {
    "trainer_id": "01164",
    "name": "安田翔伍 \n                    \n                    （ヤスダショウゴ）",
    "total_races": 1787,
    "wins": 176,
    "seconds": 151,
    "thirds": 194,
    "win_rate": 0.09848908785674315,
    "place_rate": 0.2915500839395635,
    "year_races": 239,
    "year_wins": 24,
    "year_win_rate": 0.100418410041841,
    "year_place_rate": 0.2510460251046025
  },
  "cached_at": "2025-12-31T12:29:49.482018Z"
}