{
  "data": {
    "trainer_id": "01169",
    "name": "加藤士津八 \n                    \n                    （カトウシヅヤ）",
    "total_races": 1736,
    "wins": 118,
    "seconds": 133,
    "thirds": 137,
    "win_rate": 0.06797235023041474,
    "place_rate": 0.22350230414746544,
    "year_races": 262,
    "year_wins": 19,
    "year_win_rate": 0.07251908396946564,
    "year_place_rate": 0.2786259541984733
  },
  "cached_at": "2025-12-31T12:30:06.918330Z"
}