{
  "data": {
    "trainer_id": "01165",
    "name": "和田勇介 \n                    \n                    （ワダユウスケ）",
    "total_races": 1851,
    "wins": 114,
    "seconds": 134,
    "thirds": 118,
    "win_rate": 0.06158833063209076,
    "place_rate": 0.19773095623987033,
    "year_races": 236,
    "year_wins": 20,
    "year_win_rate": 0.0847457627118644,
    "year_place_rate": 0.2076271186440678
  },
  "cached_at": "2025-12-31T12:31:10.797317Z"
}