{
  "data": {
    "trainer_id": "01185",
    "name": "小林真也 \n                    \n                    （コバヤシシンヤ）",
    "total_races": 1079,
    "wins": 90,
    "seconds": 73,
    "thirds": 83,
    "win_rate": 0.08341056533827618,
    "place_rate": 0.22798887859128822,
    "year_races": 262,
    "year_wins": 32,
    "year_win_rate": 0.12213740458015267,
    "year_place_rate": 0.29389312977099236
  },
  "cached_at": "2025-12-31T12:30:24.647399Z"
}