{
  "data": {
    "trainer_id": "01210",
    "name": "前川恭子 \n                    \n                    （マエカワキョウコ）",
    "total_races": 234,
    "wins": 7,
    "seconds": 20,
    "thirds": 7,
    "win_rate": 0.029914529914529916,
    "place_rate": 0.1452991452991453,
    "year_races": 234,
    "year_wins": 7,
    "year_win_rate": 0.029914529914529916,
    "year_place_rate": 0.1452991452991453
  },
  "cached_at": "2025-12-31T12:29:14.139185Z"
}